Search Query,Title,Address,Rating,Reviews,Phone,Website,Place ID
Marketing Agency in Munich,Bold Creators Club influencer marketing,"Heißstraße 13, 81369 München",4.8,17,01578 8312550,https://boldcreators.club/,6196370733225487025
Marketing Agency in Munich,WeLikeWeb GmbH,"Kolosseumstraße 1, 80469 München",5,35,089 45689622,https://www.welikeweb.de/?utm_source=Google+My+Business&utm_medium=GMB&utm_campaign=Link+Bio+GMB,4860680451898821030
Marketing Agency in Munich,Mawave Marketing GmbH,"Moosacher Str. 70, 80809 München",4.9,129,,http://www.mawave.de/,4762862891481439439
Marketing Agency in Munich,eMinded GmbH,"Claudius-Keller-Straße 3B, 81669 München",4.9,44,089 231414150,https://eminded.de/?utm_source=gmb&utm_medium=organic,17065685977578935456
Marketing Agency in Munich,Social Media Pirates,"Kapellenweg 6, 81371 München",4.9,38,089 27272271,http://socialmediapiraten.de/,16004936483108974228
Marketing Agency in Munich,Mediacharge,"Auenstraße 28, 80469 München",5,52,089 541961800,https://www.mediacharge.com/,4422291721443892592
Marketing Agency in Munich,MunichMarketing,"Freibadstraße 30, 81543 München",5,36,089 89641156,http://www.munichmarketing.de/,4480413737920422082
Marketing Agency in Munich,Specht GmbH,"Brienner Str. 29, 80333 München",4.9,537,0176 20480164,https://www.timospecht.de/seo-muenchen/?utm_source=google_profile&utm_campaign=localo&utm_medium=mainlink,1769266889883601701
Marketing Agency in Munich,E-Commerce Agentur München | tzn Digital Ventures GmbH,"Wilhelm-Hale-Straße 46, 80639 München",4.9,185,089 12739826,https://www.tzn-digital.com/,14559226766618875702
Marketing Agency in Munich,Adwave Media,"Tal 44, 80331 München",5,52,089 90169780,https://werbeagentur-muenchen.bayern/,15650578483591939686
Marketing Agency in Munich,rankeffect digital GmbH,"Friedenheimer Str. 47, 80686 München",5,102,089 66662221,https://www.rankeffect.de/,16609157361788569651
Marketing Agency in Hamburg,5AM,"Hegestraße 40/2. OG, 20251 Hamburg",5,42,01573 0414422,https://five-am.com/,17370813484365899815
Marketing Agency in Hamburg,Collective Brain GmbH,"Kattrepelsbrücke 1, 20095 Hamburg",5,18,040 468967680,https://collectivebrain.de/,16599352255079867445
Marketing Agency in Hamburg,more Marketing,"Spitalerstraße 10 Semperhaus A, 20095 Hamburg",5,18,040 8222780,https://www.more-marketing.de/,9873313919871967146
Marketing Agency in Hamburg,digitalanders,"An d. Alster 18, 20099 Hamburg",4.8,16,040 27884883,https://www.digitalanders.de/,2914477736747950585
Marketing Agency in Hamburg,Benchmark Media Solution,"Ballindamm 15, 20095 Hamburg",4.9,39,040 87408257,http://benchmark-media.de/,5488431604793640045
Marketing Agency in Hamburg,CAMO MEDIA | Kreative Digitalagentur & Social Media Agentur Hamburg,"Ruckteschellweg 8a, 22089 Hamburg",5,12,040 22854474,http://www.camo.media/,16301668200440864578
Marketing Agency in Hamburg,Hanseranking GmbH,"Admiralitätstraße 58, 20459 Hamburg",4.8,429,040 570107550,https://www.hanseranking.de/#gup,1364080313820483404
Marketing Agency in Hamburg,DTILE GmbH | Local SEO & Online Marketing Agentur Hamburg,"Stormsweg 5A, 22085 Hamburg",5,40,040 239696620,https://www.dtile-design.de/,1996501658044124732
Marketing Agency in Hamburg,GEYER M&K - Marketing- & PR-Agentur Hamburg,"Zippelhaus 3, 20457 Hamburg",5,34,040 28056143,https://www.geyermk.de/,13641577872507379267
Marketing Agency in Hamburg,KnallBlauMedia - Die Website Experten,"Nagelsweg 24b, 20097 Hamburg",5,35,040 22861774,https://www.knallblaumedia.de/,9715314664401867035
Marketing Agency in Hamburg,rock&stars digital GmbH,"Schulterblatt 58, 20357 Hamburg",5,20,040 60771540,http://www.rockandstars.de/,12889160190541973380
Marketing Agency in Berlin,achso! Digital Creative Agency,"Friedrichstraße 68, 10117 Berlin",5,24,,http://achso.media/,11073696675628301082
Marketing Agency in Berlin,Ogno - Berlin's Digital Agency,"Warschauer Str. 59A, 10243 Berlin",5,16,,https://ogno.io/,10513800316103457520
Marketing Agency in Berlin,360 Agency Berlin,"Rungestraße 18, 10179 Berlin",5,15,039481 861179,,12664692696644906424
Marketing Agency in Berlin,Peak Ace AG,"Leuschnerdamm 13, 10999 Berlin",4.9,47,030 832117790,https://peakace.agency/,11727263116263785999
Marketing Agency in Berlin,mimosa agency,"Greifswalder Str. 23, 10405 Berlin",4.8,22,,https://mimosaagency.com/,14574927589212848209
Marketing Agency in Berlin,Netzbekannt - Die Online-Marketing & SEO-Agentur Berlin,"Scharnhorststraße 24, 10115 Berlin",5,66,030 12083572,https://netzbekannt.de/,4578419216185215671
Marketing Agency in Berlin,Anne Grabs - Social Media Marketing,"Schliemannstraße 14, 10437 Berlin",5,57,0176 30716483,http://annegrabs.de/,17125111697405077666
Marketing Agency in Berlin,HY.AM STUDIOS,"Torstraße 164, 10115 Berlin",5,9,030 39916589,https://www.hyam.de/,7737525684211806153
Marketing Agency in Berlin,Creative Mind Agency,"Chausseestraße 108, 10115 Berlin",5,87,01512 3181382,http://www.creativemind.agency/,12927395172087936417
Marketing Agency in Berlin,Agentur Emilian - Internetagentur Berlin / Online Marketing Agentur Berlin,"Sonnenburger Str. 54, 10437 Berlin",5,39,030 235987210,https://www.agentur-emilian.de/,3043661515715058686
Marketing Agency in Berlin,FOUNDRY Berlin GmbH,"Blücherstraße 23, 10961 Berlin",4.9,7,030 55062119,http://foundry.berlin/,4025867658061363025
